domain,cctld,country,niche
boc24.de,de,Germany,cycling
douglas.de,de,Germany,cosmetics
leonardo.de,de,Germany,home-decor
everdrop.de,de,Germany,eco-products
ozcosmetics.de,de,Germany,cosmetics
mehr-kosmetik.de,de,Germany,cosmetics
caretobeauty.de,de,Germany,cosmetics
sennheiser.com,de,Germany,audio-electronics
air-up.com,de,Germany,hydration
elgato.com,de,Germany,streaming-equipment
paperlike.com,de,Germany,tech-accessories
pegador.com,de,Germany,streetwear
asphaltgold.com,de,Germany,sneakers
carhartt-wip.com,de,Germany,streetwear
rollei.com,de,Germany,photography-equipment
dottilove.de,de,Germany,jewelry
bag-it.com,de,Germany,bags-accessories
esn.com,de,Germany,sports-nutrition
innonature.eu,eu,Germany,supplements
sezane.com,fr,France,fashion
leslipfrancais.fr,fr,France,underwear
laredoute.fr,fr,France,fashion-home
showroomprive.com,fr,France,fashion-sales
cosmeterie.com,fr,France,cosmetics
sneakersnstuff.com,se,Sweden,sneakers
shopunderstatement.com,se,Sweden,lingerie
jlindeberg.com,se,Sweden,golf-apparel
danielwellington.com,se,Sweden,watches
volanteurope.com,se,Sweden,diffusers
cdlp.com,se,Sweden,underwear
twinkles.se,se,Sweden,dental-jewelry
fitjeans.com,se,Sweden,athletic-jeans
belartestudio.com,se,Sweden,art-prints
grimfrost.com,se,Sweden,viking-merchandise
agood.com,se,Sweden,sustainable-products
flattered.com,se,Sweden,footwear
classymencollection.com,fi,Finland,fashion
joylovedolls.com,fi,Finland,collectibles
kamerastore.com,fi,Finland,photography
moomin.com,fi,Finland,licensed-merchandise
finlayson.fi,fi,Finland,textiles
verkkokauppa.com,fi,Finland,electronics
kalevalashop.com,fi,Finland,jewelry
finnishdesignshop.com,fi,Finland,design
kiitoslife.com,fi,Finland,fashion-home
boozt.com,dk,Denmark,fashion
matas.dk,dk,Denmark,beauty
organicbasics.com,dk,Denmark,sustainable-fashion
fritzhansen.com,dk,Denmark,furniture
normann-copenhagen.com,dk,Denmark,design
bol.com,nl,Netherlands,general-marketplace
wehkamp.nl,nl,Netherlands,fashion-home
coolblue.nl,nl,Netherlands,electronics
connox.com,nl,Netherlands,furniture
fonq.nl,nl,Netherlands,home-decor
arredaremoderno.com,it,Italy,furniture
diotti.com,it,Italy,furniture
giglio.com,it,Italy,luxury-fashion
italist.com,it,Italy,luxury-fashion
yoox.com,it,Italy,luxury-fashion
brembatistores.com,it,Italy,fashion
peserico.com,it,Italy,womens-fashion
falconeri.com,it,Italy,luxury-clothing
hawkersco.com,es,Spain,sunglasses
cocunat.com,es,Spain,cosmetics
gardenfurniturespain.com,es,Spain,furniture
allegro.pl,pl,Poland,general-marketplace
vitkac.com,pl,Poland,luxury-fashion
astratex.pl,pl,Poland,footwear
kontri.pl,pl,Poland,fashion
zoot.cz,cz,Czechia,fashion
goxip.com,cz,Czechia,fashion-beauty
alza.cz,cz,Czechia,electronics
mall.cz,cz,Czechia,general-marketplace
arven.at,at,Austria,furniture
universal.at,at,Austria,department-store
shop-apotheke.at,at,Austria,pharmacy-supplements
inno.be,be,Belgium,department-store
worten.pt,pt,Portugal,electronics
moblar.pt,pt,Portugal,furniture
littlewoods.ie,ie,Ireland,department-store
cloud10beauty.ie,ie,Ireland,cosmetics
zooplus.com,de,Germany,pet-supplies
bopets.eu,eu,Europe,pet-supplies
petlux.eu,eu,Europe,pet-supplies
boxanimal.eu,eu,Europe,pet-supplies
tinybuddy.eu,eu,Europe,pet-supplies
kerbl.pet,at,Austria,pet-supplies
pawsome-shop.com,at,Austria,dog-supplies
fejn.com,dk,Denmark,jewelry
my-jewellery.com,nl,Netherlands,jewelry
biovea.com,eu,Europe,supplements
vitalabo.com,de,Germany,supplements
vitamins-supplements.eu,eu,Europe,supplements
lifeextensioneurope.com,eu,Europe,supplements
hsnstore.eu,es,Spain,sports-nutrition
greatlife.eu,eu,Europe,supplements
mass-zone.eu,eu,Europe,supplements
ambientedirect.com,de,Germany,furniture-garden
living-shop.eu,eu,Europe,garden-furniture
ecdgermany.de,de,Germany,garden-furniture
luxushomeandgarden.com,eu,Europe,furniture
eurogardenandhome.com,eu,Europe,furniture
nordicnest.com,se,Sweden,scandinavian-design
ferm-living.com,dk,Denmark,furniture
rifo.it,it,Italy,fashion
breuninger.com,de,Germany,luxury-fashion
woood.nl,nl,Netherlands,furniture
hay.nl,nl,Netherlands,design
royaldesign.com,se,Sweden,design-furniture
aroma-zone.fr,fr,France,beauty
natura-bisse.com,es,Spain,skincare
mytheresa.com,de,Germany,luxury-fashion
vestopazzo.it,it,Italy,jewelry
uhrcenter.de,de,Germany,jewelry-watches
wempe.com,de,Germany,jewelry-watches
lovisa.com,eu,Europe,jewelry
coffeeortea.eu,de,Germany,coffee-tea
fest-amsterdam.com,nl,Netherlands,furniture
westwing.com,de,Germany,furniture-decor
bleed-clothing.com,de,Germany,activewear
tripulse.com,se,Sweden,activewear
boardgameshop.eu,be,Belgium,board-games
spelshop.be,be,Belgium,board-games
englishgameshop.com,eu,Europe,board-games
notino.com,fr,France,beauty-fragrance
pinalli.it,it,Italy,cosmetics
europeanvintagejewelry.com,eu,Europe,vintage-jewelry
maisons-du-monde.com,fr,France,home-decor
continente.pt,pt,Portugal,home-goods
garmentory.com,fr,France,indie-fashion
smyths-toys.com,ie,Ireland,toys
sweetmango.com,es,Spain,fashion
malamute.de,de,Germany,outdoor-apparel
about-you.de,de,Germany,fashion
about-you.nl,nl,Netherlands,fashion
about-you.at,at,Austria,fashion
about-you.fr,fr,France,fashion
zalando.com,eu,Europe,fashion-shoes
otto.de,de,Germany,department-store
empik.com,pl,Poland,books-music-toys
morele.net,pl,Poland,electronics
ceneo.pl,pl,Poland,price-comparison
alluree.de,de,Germany,cosmetics
neckermann.de,de,Germany,department-store
bestellen.nl,nl,Netherlands,general-shopping
kleertjes.nl,nl,Netherlands,kids-fashion
baby-markt.de,de,Germany,kids-products
ernsting-family.de,de,Germany,fashion
kik.de,de,Germany,fashion
primark.com,ie,Ireland,fashion-budget
decathlon.com,fr,France,sports-equipment
intersport.com,de,Germany,sports-equipment
hummel.com,dk,Denmark,sportswear
hummel-dk.com,dk,Denmark,sportswear
eleven-beauty.com,se,Sweden,beauty
primor.eu,es,Spain,beauty
kultivi.io,it,Italy,organic-food
dama-concept.com,it,Italy,fashion
l-atelier-global.com,de,Germany,jewelry
native-union.com,eu,Europe,tech-accessories
emiw.de,de,Germany,eco-products
grids.com,de,Germany,home-products
sumo-online.de,de,Germany,fashion
bonprix.de,de,Germany,fashion
avon.de,de,Germany,beauty
lancasteronline.it,it,Italy,home-decor
zara-home.com,es,Spain,home-decor
ikea.com,se,Sweden,furniture
jysk.dk,dk,Denmark,furniture-home
leroy-merlin.fr,fr,France,diy-garden
baumarkt.de,de,Germany,diy-garden
lidl.de,de,Germany,general-retail
dm.de,de,Germany,pharmacy-health
rossmann.de,de,Germany,pharmacy-health
deichmann.com,de,Germany,footwear
schuh.de,de,Germany,footwear
foot-locker.de,de,Germany,sports-footwear
jack-wolfskin.com,de,Germany,outdoor-apparel
puma.com,de,Germany,sportswear
adidas.com,de,Germany,sportswear
nike.com,eu,Europe,sportswear
ccc.eu,pl,Poland,footwear
reserved.com,pl,Poland,fashion
house-of-fragrances.com,de,Germany,fragrances
flaschenpost.de,de,Germany,beverages
myprotein.com,eu,Europe,fitness-nutrition
prozis.com,pt,Portugal,fitness-nutrition
gopink.it,it,Italy,home-wellness
fitnessboutique.fr,fr,France,fitness-nutrition
enervit.com,it,Italy,sports-nutrition
naturin-webshop.de,de,Germany,pet-food
miscota.com,es,Spain,pet-supplies
tierwelt.de,de,Germany,pet-supplies
fressnapf.de,de,Germany,pet-supplies
maxi-zoo.de,de,Germany,pet-supplies
