tranco_rank,domain,cctld
48,youtu.be,be
99,workbox.dk,dk
114,europa.eu,eu
141,iiko.it,it
213,t-online.de,de
254,linktr.ee,ee
319,ack.de,de
380,amazon.de,de
409,tiktokv.eu,eu
443,gandi-ns.fr,fr
507,google.de,de
608,amazon.fr,fr
627,free.fr,fr
669,webempresa.eu,eu
674,lemonde.fr,fr
705,amazon.it,it
717,seznam.cz,cz
724,amazon.es,es
764,bild.de,de
765,ddnss.de,de
771,allegro.pl,pl
797,welt.de,de
802,wp.pl,pl
830,lefigaro.fr,fr
833,focus.de,de
843,ebay.de,de
896,kleinanzeigen.de,de
942,repubblica.it,it
955,otto.de,de
959,corriere.it,it
979,onet.pl,pl
980,elmundo.es,es
1027,interia.pl,pl
1049,ouest-france.fr,fr
1051,n-tv.de,de
1066,google.fr,fr
1087,bund.de,de
1088,skroutz.gr,gr
1098,franceinfo.fr,fr
1104,usercentrics.eu,eu
1106,wetteronline.de,de
1109,idnes.cz,cz
1118,olx.pl,pl
1172,mobile.de,de
1176,superhosting.bg,bg
1184,aftonbladet.se,se
1191,leboncoin.fr,fr
1192,nu.nl,nl
1200,ad.nl,nl
1201,lequipe.fr,fr
1222,marktplaats.nl,nl
1224,remove.bg,bg
1237,gazzetta.it,it
1243,sapo.pt,pt
1251,zalando.de,de
1258,hln.be,be
1262,poste.it,it
1278,spiegel.de,de
1282,ladepeche.fr,fr
1294,emag.ro,ro
1299,actu.fr,fr
1311,ilfattoquotidiano.it,it
1327,leroymerlin.fr,fr
1340,subito.it,it
1343,mediaexpert.pl,pl
1353,sport.es,es
1380,novinky.cz,cz
1389,ilmeteo.it,it
1392,idealista.it,it
1398,google.it,it
1408,inps.it,it
1417,iltalehti.fi,fi
1420,otomoto.pl,pl
1424,index.hr,hr
1426,protothema.gr,gr
1428,jutarnji.hr,hr
1437,immobiliare.it,it
1444,toyhou.se,se
1454,ekstrabladet.dk,dk
1463,leroymerlin.es,es
1477,xvideos.es,es
1492,markt.de,de
1494,xnxx.es,es
1501,bt.dk,dk
1506,joyclub.de,de
1529,your-server.de,de
1533,listcrawler.eu,eu
1561,meteociel.fr,fr
1566,ladies.de,de
1573,foreca.fi,fi
1597,publi24.ro,ro
1607,kicker.de,de
1619,skelbiu.lt,lt
1629,administracionelectronica.gob.es,es
1640,autoplius.lt,lt
1656,flashscore.fr,fr
1685,livescore.cz,cz
1707,annunci69.it,it
1787,vinted.fr,fr
1796,google.es,es
1816,home.pl,pl
1832,google.nl,nl
1850,telefonica.de,de
1851,merkur.de,de
1868,com.be,be
1985,spaggiari.eu,eu
1986,agenciatributaria.gob.es,es
1991,diretta.it,it
1997,kicktipp.de,de
2037,delegaciondelgobierno.gob.es,es
2052,rzone.de,de
2069,orange.fr,fr
2085,librus.pl,pl
2165,redd.it,it
2207,websupport.sk,sk
2232,geoedge.be,be
2286,lin.ee,ee
2289,simpli.fi,fi
2312,loopia.se,se
2317,shorturl.at,at
2337,telekom.de,de
2402,web.de,de
2459,ioam.de,de
2466,mpg.de,de
2570,rtve.es,es
2572,ionos.de,de
2601,webgo.de,de
2603,zeit.de,de
2610,ccc.de,de
2625,google.pl,pl
2637,transip.nl,nl
2642,leparisien.fr,fr
2716,heise.de,de
2799,dns.eu,eu
2831,admatic.de,de
2863,strato.de,de
2872,sueddeutsche.de,de
2896,zdf.de,de
2901,chip.de,de
2907,cnil.fr,fr
2915,wanadoo.fr,fr
2925,skycdn.it,it
2946,check24.de,de
2983,elster.de,de
2991,haxx.se,se
3011,univie.ac.at,at
3046,libero.it,it
3080,google.at,at
3089,kahoot.it,it
3104,rqtrk.eu,eu
3107,innogames.de,de
3126,curl.se,se
3134,google.be,be
3137,youronlinechoices.eu,eu
3148,idealo.de,de
3177,tagesschau.de,de
3183,register.it,it
3288,tfkc.de,de
3295,dhl.de,de
3300,google.se,se
3312,joyn.de,de
3349,second-ns.de,de
3380,tagesspiegel.de,de
3381,amazon.se,se
3397,braze.eu,eu
3432,ec-lyon.fr,fr
3437,bahn.de,de
3440,fraunhofer.de,de
3455,nic.de,de
3459,cnrs.fr,fr
3480,orf.at,at
3488,e-recht24.de,de
3507,abc.es,es
3525,br.de,de
3528,politico.eu,eu
3529,amazon.nl,nl
3530,ziggo.nl,nl
3532,serveriai.lt,lt
3539,google.gr,gr
3543,google.cz,cz
3555,tori.fi,fi
3567,sfr.fr,fr
3578,ndr.de,de
3583,radiofrance.fr,fr
3622,adscale.de,de
3632,ansa.it,it
3635,cnr.it,it
3636,immobilienscout24.de,de
3656,yle.fi,fi
3682,google.pt,pt
3702,ardmediathek.de,de
3732,your-storageshare.de,de
3733,aruba.it,it
3741,dns.it,it
3753,liberation.fr,fr
3758,weborama.fr,fr
3782,google.dk,dk
3836,gemius.pl,pl
3841,rte.ie,ie
3865,nos.nl,nl
3884,google.fi,fi
3889,filmweb.pl,pl
3890,vanityfair.it,it
3926,dns.pt,pt
3934,www.gov.pl,pl
3954,amazon.pl,pl
3964,abola.pt,pt
3985,rfi.fr,fr
4030,juntadeandalucia.es,es
4031,cldin.eu,eu
4088,lesechos.fr,fr
4097,medallia.eu,eu
4139,nlnetlabs.nl,nl
4153,glasvezelactiveren.nl,nl
4237,nazwa.pl,pl
4248,cwi.nl,nl
4256,google.bg,bg
4262,index.hu,hu
4287,derstandard.at,at
4317,independent.ie,ie
4358,sky.it,it
4362,nirvam.it,it
4374,20minutos.es,es
4390,deltafibernederland.nl,nl
4441,pin.it,it
4464,justpaste.it,it
4467,gazeta.pl,pl
4475,eldiario.es,es
4476,google.sk,sk
4483,aepd.es,es
4509,20minutes.fr,fr
4520,uu.nl,nl
4546,cyberfolks.pl,pl
4584,lastampa.it,it
4592,google.ro,ro
4612,google.hu,hu
4639,nic.fr,fr
4737,vrt.be,be
4775,boe.es,es
4780,browser-intake-datadoghq.eu,eu
4810,telenor.se,se
4889,bnf.fr,fr
4921,telegraaf.nl,nl
4944,dr.dk,dk
4948,ameli.fr,fr
4949,meganameservers.eu,eu
4970,zoho.eu,eu
4974,nic.cz,cz
5011,letour.fr,fr
5012,eleconomista.es,es
5019,telenet.be,be
5033,tvp.pl,pl
5037,tiktokw.eu,eu
5046,tripadvisor.fr,fr
5056,krone.at,at
5066,telecomitalia.it,it
5117,cuni.cz,cz
5142,superbet.ro,ro
5143,laposte.fr,fr
5154,helsinki.fi,fi
5178,mediaset.it,it
5229,service-public.fr,fr
5313,ebay.fr,fr
5325,tripadvisor.es,es
5339,larazon.es,es
5346,allocine.fr,fr
5352,pagesjaunes.fr,fr
5354,olx.ro,ro
5391,expressen.se,se
5395,skynet.be,be
5409,ebay.it,it
5418,dbankcloud.eu,eu
5424,doctolib.fr,fr
5425,vodafone.pt,pt
5441,rainews.it,it
5444,zxcs.nl,nl
5447,sudouest.fr,fr
5449,elcorteingles.es,es
5456,google.ie,ie
5466,tripadvisor.it,it
5477,lesoir.be,be
5484,doxygen.nl,nl
5490,dba.dk,dk
5513,certum.pl,pl
5517,amazon.ie,ie
5533,e5.sk,sk
5560,fotocasa.es,es
5584,netnod.se,se
5594,rtl.fr,fr
5628,tudelft.nl,nl
5643,ceneo.pl,pl
5650,stealth.si,si
5661,dn.se,se
5671,uva.nl,nl
5679,credit-agricole.fr,fr
5695,tiscali.it,it
5701,francetvinfo.fr,fr
5714,kuleuven.be,be
5724,rtl.nl,nl
5738,orange.es,es
5756,harica.gr,gr
5775,willhaben.at,at
5781,agenziaentrate.gov.it,it
5783,paris.fr,fr
5793,blogspot.com.es,es
5818,belgium.be,be
5836,alice.it,it
5842,wedos.cz,cz
5854,csic.es,es
5865,hs.fi,fi
5867,meinbezirk.at,at
5879,alza.cz,cz
5927,livesportmedia.eu,eu
5944,unibo.it,it
5948,proximus.be,be
5957,xs4all.nl,nl
5966,tvn24.pl,pl
5972,blogspot.fr,fr
5994,ilmessaggero.it,it
6003,grserver.gr,gr
6011,cretaforce.gr,gr
6024,dandomain.dk,dk
6031,delfi.lt,lt
6037,carrefour.fr,fr
6057,lu.se,se
6061,inria.fr,fr
6079,buienradar.nl,nl
6096,nieuwsblad.be,be
6098,avant.si,si
6119,up.pt,pt
6135,louvre.fr,fr
6140,lavozdegalicia.es,es
6144,raiplay.it,it
6171,tf1info.fr,fr
6173,google.hr,hr
6177,bbox.fr,fr
6184,successfactors.eu,eu
6215,nyaa.si,si
6219,muni.cz,cz
6220,rug.nl,nl
6237,leprogres.fr,fr
6240,tim.it,it
6251,hitta.se,se
6266,letelegramme.fr,fr
6279,rtvslo.si,si
6289,tpnet.pl,pl
6294,tv2.dk,dk
6312,lavoixdunord.fr,fr
6341,vinted.pl,pl
6361,vinted.it,it
6363,ici.fr,fr
6364,aemet.es,es
6370,aktuality.sk,sk
6388,forpsi.cz,cz
6397,decathlon.fr,fr
6410,trovaprezzi.it,it
6412,ilgiornale.it,it
6427,fanpage.it,it
6440,interno.gov.it,it
6444,ilpost.it,it
6450,orange.pl,pl
6451,ns.se,se
6457,telecinco.es,es
6478,utwente.nl,nl
6502,funda.nl,nl
6537,name-servers.gr,gr
6555,midilibre.fr,fr
6556,dhnet.be,be
6561,ugent.be,be
6569,garanteprivacy.it,it
6595,is.fi,fi
6604,o2.pl,pl
6630,heute.at,at
6635,tue.nl,nl
6638,2dehands.be,be
6651,blocket.se,se
6656,google.lv,lv
6657,ticketone.it,it
6665,telekom.hu,hu
6688,europapress.es,es
6723,journaldesfemmes.fr,fr
6734,rtbf.be,be
6735,ucm.es,es
6769,carrefour.es,es
6774,csfd.cz,cz
6790,cra.cz,cz
6799,svt.se,se
6808,pracuj.pl,pl
6815,imedia.cz,cz
6824,heraldo.es,es
6838,liu.se,se
6843,money.pl,pl
6857,bergfex.at,at
6864,kleinezeitung.at,at
6892,zalando.fr,fr
6896,google.lu,lu
6897,sudinfo.be,be
6903,icm.edu.pl,pl
6910,di.se,se
6915,cnews.fr,fr
6923,bankier.pl,pl
6931,24.hu,hu
6946,allegro.cz,cz
6949,blesk.cz,cz
6950,ku.dk,dk
6957,videa.hu,hu
7015,hvg.hu,hu
7033,fgov.be,be
7034,telex.hu,hu
7042,nova.cz,cz
7043,ors.at,at
7068,kathimerini.gr,gr
7072,gelderlander.nl,nl
7076,kameleoon.eu,eu
7085,zalando.nl,nl
7088,transip.eu,eu
7105,seznamzpravy.cz,cz
7115,bollyflix.at,at
7116,forthnet.gr,gr
7138,tcd.ie,ie
7140,windguru.cz,cz
7182,gva.es,es
7197,eltiempo.es,es
7218,zus.pl,pl
7219,portfolio.hu,hu
7226,adevarul.ro,ro
7233,idealista.pt,pt
7242,digi24.ro,ro
7243,sdn.cz,cz
7249,tiktoklb.eu,eu
7252,24sata.hr,hr
7267,fakt.pl,pl
7285,hotnews.ro,ro
7298,vecernji.hr,hr
7311,uu.se,se
7339,nrc.nl,nl
7343,centrum24.pl,pl
7347,zerozero.pt,pt
7366,upm.es,es
7373,donedeal.ie,ie
7391,15min.lt,lt
7392,vinted.es,es
7393,rae.es,es
7410,rmf24.pl,pl
7413,euro.com.pl,pl
7415,kth.se,se
7422,lifo.gr,gr
7431,in.gr,gr
7437,lsapp.eu,eu
7452,libertatea.ro,ro
7494,google.lt,lt
7510,zalando.pl,pl
7531,umu.se,se
7578,aalto.fi,fi
7586,unirioja.es,es
7616,dziennik.pl,pl
7632,sporza.be,be
7634,cmjornal.pt,pt
7648,decathlon.es,es
7651,ugr.es,es
7663,destentor.nl,nl
7682,krakow.pl,pl
7710,sl.pt,pt
7716,intercars.eu,eu
7717,gsp.ro,ro
7723,hostnet.nl,nl
7753,net.hr,hr
7786,domaintechnik.at,at
7788,naftemporiki.gr,gr
7792,google.si,si
7799,stirileprotv.ro,ro
7807,google.ee,ee
7838,rijksoverheid.nl,nl
7841,record.pt,pt
7858,sport.cz,cz
7871,portaldasfinancas.gov.pt,pt
7884,azet.sk,sk
7908,slobodnadalmacija.hr,hr
7909,vu.nl,nl
7912,decathlon.pl,pl
7921,polsatnews.pl,pl
7925,tv3.lt,lt
7929,gazzetta.gr,gr
7956,skai.gr,gr
7976,tportal.hr,hr
7979,topky.sk,sk
7986,immoweb.be,be
8020,sport.pl,pl
8023,abv.bg,bg
8031,njuskalo.hr,hr
8053,super.cz,cz
8065,oikotie.fi,fi
8070,webhosting.dk,dk
8074,trevenque.es,es
8096,uv.es,es
8106,aade.gr,gr
8130,allwyn.cz,cz
8141,zalando.es,es
8157,bazos.cz,cz
8194,stoiximan.gr,gr
8197,yadi.sk,sk
8210,uc.pt,pt
8217,iefimerida.gr,gr
8241,porno666.nl,nl
8246,car.gr,gr
8265,hdfilmcehennemi.nl,nl
8311,idokep.hu,hu
8353,just.ro,ro
8357,antena3.ro,ro
8382,allegro.hu,hu
8384,veikkaus.fi,fi
8401,g4media.ro,ro
8414,livesport.cz,cz
8420,mobilevikings.be,be
8435,newsit.gr,gr
8507,bazos.sk,sk
8514,la.lv,lv
8530,mixnews.lv,lv
8552,win2day.at,at
8555,forth.gr,gr
8579,digisport.ro,ro
8592,volkskrant.nl,nl
8629,mjt.lu,lu
8633,stiripesurse.ro,ro
8650,ulisboa.pt,pt
8689,voetbalzone.nl,nl
8710,skyscanner.es,es
8713,profesia.sk,sk
8714,ss.lv,lv
8739,shmu.sk,sk
8746,kriesi.at,at
8754,loteriasyapuestas.es,es
8781,mijnwoordenboek.nl,nl
8796,sport.ro,ro
8822,dns.nl,nl
8826,dedeman.ro,ro
8831,seg-social.pt,pt
8907,nic.es,es
8956,andersnoren.se,se
8964,hasznaltauto.hu,hu
8993,leroymerlin.pt,pt
9038,rip.ie,ie
9067,dnevno.hr,hr
9068,alo.bg,bg
9078,sportal.bg,bg
9096,semana.es,es
9123,autogidas.lt,lt
9147,clara.es,es
9169,flashscore.ro,ro
9181,clave.gob.es,es
9226,aruodas.lt,lt
9232,flashscore.es,es
9249,szerencsejatek.hu,hu
9372,ownit.se,se
9393,rosszlanyok.hu,hu
9412,ros.ie,ie
9438,sinoptik.bg,bg
9486,acesso.gov.pt,pt
9606,kisskh.nl,nl
9628,bombuj.si,si
9636,com.se,se
9719,meteofor.lt,lt
9773,au.dk,dk
9814,racing.nl,nl
9870,redlights.be,be
9926,weeronline.nl,nl
9945,quartier-rouge.be,be
9950,tippmix.hu,hu
10009,cp.sk,sk
10044,ratkojat.fi,fi
10052,scoalarutiera.ro,ro
10153,cloud86.nl,nl
10165,felizes.pt,pt
10223,iha.ee,ee
10317,bio-link.se,se
10322,kurier.at,at
10481,albelli.nl,nl
10586,flexwebhosting.nl,nl
10590,atg.se,se
10711,sverigesradio.se,se
10732,skole.hr,hr
10749,8888.bg,bg
10763,inet.fi,fi
10780,cineby.at,at
10885,uni-lj.si,si
10985,slon4.at,at
11029,vinted.lt,lt
11064,sme.sk,sk
11066,viet69.be,be
11188,autoriteitpersoonsgegevens.nl,nl
11259,tuwien.ac.at,at
11291,buienradar.be,be
11450,wur.nl,nl
11517,funet.fi,fi
11536,dtu.dk,dk
11602,chalmers.se,se
11621,gu.se,se
11626,ah.nl,nl
11627,svd.se,se
11688,anwb.nl,nl
11736,zoznam.sk,sk
11780,ns.nl,nl
11781,overheid.nl,nl
11837,harry.lu,lu
11846,neoserv.si,si
11891,publico.pt,pt
11928,srce.hr,hr
12023,wko.at,at
12119,lectio.dk,dk
12135,shkolo.bg,bg
12231,vlaanderen.be,be
12348,btc-net.bg,bg
12460,iol.pt,pt
12480,ucd.ie,ie
12652,delfi.ee,ee
12690,elte.hu,hu
12751,dns24.hu,hu
12753,yandex.fi,fi
12771,elisa.fi,fi
12927,jit.si,si
12949,atw.hu,hu
12982,zone.ee,ee
12999,wien.at,at
13013,unleashed.be,be
13033,lalibre.be,be
13105,elisa.ee,ee
13177,rtp.pt,pt
13402,standaard.be,be
13494,uminho.pt,pt
13720,vinted.pt,pt
13752,uibk.ac.at,at
13770,gov.hu,hu
13864,freedns.si,si
13944,wien.gv.at,at
13993,inbox.lv,lv
14087,lrt.lt,lt
14094,bme.hu,hu
14111,nic.lv,lv
14155,ns.at,at
14157,observador.pt,pt
14265,politiken.dk,dk
14289,expresso.pt,pt
14291,webhouse.sk,sk
14482,ut.ee,ee
14587,postimees.ee,ee
14732,delfi.lv,lv
14844,internic.at,at
15053,ilmatieteenlaitos.fi,fi
15097,nameservice.at,at
15113,pravda.sk,sk
15139,oe24.at,at
15240,blikk.hu,hu
15266,err.ee,ee
15272,bovada.lv,lv
15325,tugraz.at,at
15425,ns.ie,ie
15426,spoti.fi,fi
15494,emag.bg,bg
15628,sdu.dk,dk
15643,nic.bg,bg
15710,thejournal.ie,ie
15752,aib.ie,ie
15791,ucc.ie,ie
15851,s-cloud.fi,fi
15866,jyu.fi,fi
15920,dns.lv,lv
16288,sgg.fi,fi
16403,scannet2.dk,dk
16519,nic.dk,dk
16567,aau.dk,dk
16666,apa.at,at
16781,government.bg,bg
17009,seiska.fi,fi
17020,dmi.dk,dk
17189,finna.fi,fi
17319,public.lu,lu
17375,www.gov.ie,ie
17505,daft.ie,ie
17582,oulu.fi,fi
17818,jauns.lv,lv
18048,24chasa.bg,bg
18120,netinfo.bg,bg
18125,arnes.si,si
18161,mypurecloud.ie,ie
19009,gigahost.dk,dk
19147,svet24.si,si
19275,bold.dk,dk
19517,rufus.ie,ie
19654,bloggersdelight.dk,dk
19910,tr.ee,ee
20227,auto24.ee,ee
20439,zalando.dk,dk
20552,vinted.ie,ie
21385,thesun.ie,ie
21778,jemogfix.dk,dk
21900,lsm.lv,lv
21971,9anime.org.lv,lv
22274,mitid.dk,dk
23057,epiccare.ie,ie
26603,uni.lu,lu
27862,schoolido.lu,lu
29029,rtl.lu,lu
32038,vinted.lu,lu
